,Unnamed: 0,Zestimate,Price,Rent Zestimate,Days On Zillow,Bathrooms,Bedrooms,Living Area,Home Type,Street Address,Zip,statusType,Mortgage,HOA,Zip_code,Violent_crime,Property_Crime,quality,commute_time,free_lunch,total_schools
0,0,625700.0,655000,2849.0,Not specified,2.0,3.0,1164.0,CONDO,238 Kenbrook Cir,95111,SOLD,17185.893333333333,518,95111,33,44,Average,27.1,74.6,100.0
1,1,920100.0,920000,3499.0,Not specified,2.0,3.0,1287.0,SINGLE_FAMILY,473 Toyon Ave,95127,SOLD,25272.08,503,95127,26,38,Below Average,26.1,66.1,93.8
2,2,1451600.0,1420000,3959.0,Not specified,2.0,4.0,1958.0,SINGLE_FAMILY,6424 Nepo Ct,95119,SOLD,39870.61333333333,360,95119,20,29,Average,27.1,34.0,33.3
3,3,1379100.0,1379000,3697.0,Not specified,2.0,3.0,1675.0,SINGLE_FAMILY,5887 Paddon Cir,95123,SOLD,37879.28,535,95123,22,32,Average,27.6,37.1,41.7
4,4,896800.0,900000,3820.0,Not specified,3.0,5.0,1617.0,SINGLE_FAMILY,443 Mignot Ln,95111,SOLD,24632.10666666667,375,95112,43,54,Average,27.1,74.6,100.0
5,5,552000.0,552000,2385.0,Not specified,2.0,2.0,992.0,CONDO,307 Tradewinds Dr APT 9,95123,SOLD,15161.6,419,95117,33,45,Average,27.6,37.1,41.7
6,6,1108000.0,1150000,3200.0,Not specified,2.0,2.0,1428.0,SINGLE_FAMILY,461 N 15th St,95112,SOLD,30433.066666666666,482,95133,26,38,Below Average,22.7,77.2,100.0
7,7,2144400.0,2030000,4857.0,Not specified,4.0,5.0,2204.0,SINGLE_FAMILY,470 Nolden Ave,95117,SOLD,58899.52,538,95126,32,45,Average,22.5,43.0,50.0
8,8,675100.0,675000,2840.0,Not specified,2.0,2.0,1233.0,CONDO,5604 Makati Cir,95123,SOLD,18542.746666666666,454,95136,23,36,Average,27.6,37.1,41.7
9,9,1115500.0,1114000,3399.0,Not specified,3.0,3.0,1406.0,SINGLE_FAMILY,2573 Island Palm Ct,95133,SOLD,30639.066666666666,413,95129,19,28,Average,25.9,64.6,100.0
10,10,1084900.0,1180000,1999.0,Not specified,2.0,4.0,1720.0,CONDO,1009 McKendrie St,95126,SOLD,29798.586666666666,495,95128,33,45,Average,22.4,61.2,100.0
11,11,1015300.0,1100000,2819.0,Not specified,2.0,2.0,1160.0,SINGLE_FAMILY,895 Corte De Plata,95136,SOLD,27886.906666666666,396,95120,14,20,Average,27.9,46.1,80.0
12,12,1126400.0,1060000,3099.0,Not specified,2.0,2.0,1045.0,CONDO,7291 Ventana Dr,95129,SOLD,30938.45333333333,415,95124,19,27,Excellent,24.2,8.3,11.1
13,13,2100200.0,2100000,6217.0,Not specified,4.0,5.0,3864.0,SINGLE_FAMILY,5913 Taormino Ave,95123,SOLD,57685.49333333332,400,95125,21,31,Average,27.6,37.1,41.7
14,14,1800800.0,1726000,4464.0,Not specified,2.0,3.0,1976.0,SINGLE_FAMILY,2007 University Ave,95128,SOLD,49461.97333333334,377,95135,17,23,Average,22.2,61.4,60.0
15,15,2013300.0,2068000,4500.0,Not specified,2.5,4.0,2013.0,SINGLE_FAMILY,6134 Monteverde Dr,95120,SOLD,55298.64,408,95138,17,24,Excellent,29.5,11.6,0.0
16,16,625100.0,625000,2434.0,Not specified,1.0,2.0,886.0,CONDO,3186 Kimber Ct APT 91,95124,SOLD,17169.413333333334,417,95121,22,32,Above Average,24.7,12.9,50.0
17,17,735100.0,735000,2799.0,Not specified,2.0,2.0,1006.0,CONDO,2968 Moorpark Ave APT 8,95128,SOLD,20190.746666666666,469,95116,47,56,Average,22.2,61.4,60.0
18,18,2230200.0,2230000,4892.0,Not specified,3.0,3.0,2110.0,SINGLE_FAMILY,1463 Mercer Ave,95125,SOLD,61256.16,511,95132,21,30,Average,24.3,40.4,50.0
19,19,1950900.0,2225000,4718.0,Not specified,2.0,3.0,1942.0,SINGLE_FAMILY,1263 Glenwood Ave,95125,SOLD,53584.72,483,95148,19,27,Average,24.3,40.4,50.0
20,20,2367200.0,2367000,5214.0,Not specified,3.0,4.0,2428.0,SINGLE_FAMILY,1851 Kirkmont Dr,95124,SOLD,65019.09333333334,421,95118,22,32,Above Average,24.7,12.9,50.0
21,21,1100100.0,1100000,3463.0,Not specified,2.0,2.0,1715.0,SINGLE_FAMILY,8048 Chardonay Ct,95135,SOLD,30216.08,429,95110,43,53,Excellent,33.5,7.9,0.0
22,22,1000100.0,1000000,3584.0,Not specified,2.0,3.0,1358.0,SINGLE_FAMILY,479 Northgate Dr,95111,SOLD,27469.41333333333,359,95122,39,49,Average,27.1,74.6,100.0
23,23,615100.0,615000,2699.0,Not specified,2.0,2.0,1008.0,CONDO,3203 Kenhill Dr,95111,SOLD,16894.746666666666,489,95113,24,39,Average,27.1,74.6,100.0
24,24,1775500.0,1870000,4544.0,Not specified,3.0,4.0,1817.0,SINGLE_FAMILY,2798 Custer Dr,95124,SOLD,48767.06666666666,499,95111,33,44,Above Average,24.7,12.9,50.0
25,25,2053300.0,2375000,5955.0,Not specified,4.0,5.0,2848.0,SINGLE_FAMILY,1791 Montemar Way,95125,SOLD,56397.306666666664,514,95127,26,38,Average,24.3,40.4,50.0
26,26,740700.0,715000,2849.0,Not specified,3.0,2.0,1093.0,TOWNHOUSE,6921 Rodling Dr UNIT E,95138,SOLD,20344.56,461,95119,20,29,Excellent,28.4,10.8,0.0
27,27,939200.0,920000,3595.0,Not specified,3.0,2.0,1667.0,TOWNHOUSE,1122 Campbell Ave,95126,SOLD,25796.693333333336,402,95123,22,32,Average,22.4,61.2,100.0
28,28,790100.0,790000,2999.0,Not specified,3.0,2.0,1318.0,TOWNHOUSE,5551 Makati Cir,95123,SOLD,21701.413333333334,516,95111,33,44,Average,27.6,37.1,41.7
29,29,,1222000,3462.0,Not specified,3.0,2.0,1350.0,TOWNHOUSE,5139 Le Miccine Ter,95129,SOLD,,528,95123,22,32,Excellent,24.2,8.3,11.1
30,30,1796100.0,1858000,4600.0,Not specified,3.0,5.0,2417.0,SINGLE_FAMILY,4015 Lylewood Ct,95121,SOLD,49332.88,374,95112,43,54,Above Average,26.4,50.0,60.0
31,31,948700.0,1100000,3800.0,Not specified,2.0,4.0,1495.0,SINGLE_FAMILY,482 Shawnee Ln,95123,SOLD,26057.62666666667,440,95117,33,45,Average,27.6,37.1,41.7
32,32,928200.0,912000,3393.0,Not specified,2.0,3.0,1272.0,SINGLE_FAMILY,65 N 25th St,95116,SOLD,25494.56,468,95123,22,32,Below Average,24.4,84.7,100.0
33,33,854500.0,800000,3499.0,Not specified,3.0,3.0,1360.0,TOWNHOUSE,4852 Scout Ct,95136,SOLD,23470.266666666666,443,95133,26,38,Average,27.9,46.1,80.0
34,34,620900.0,622000,2567.0,Not specified,2.0,2.0,988.0,CONDO,1878 Tradan Dr,95132,SOLD,17054.053333333333,509,95126,32,45,Above Average,22.9,34.0,45.5
35,35,1615700.0,1715000,3928.0,Not specified,2.0,4.0,1772.0,SINGLE_FAMILY,3048 Rollingwood Ct,95148,SOLD,44377.89333333333,429,95136,23,36,Above Average,28.9,35.6,41.7
36,36,851800.0,895000,3234.0,Not specified,3.0,3.0,1377.0,CONDO,6945 Rodling Dr UNIT F,95138,SOLD,23396.10666666667,480,95129,19,28,Excellent,28.4,10.8,0.0
37,37,1900400.0,1920000,4998.0,Not specified,3.0,5.0,2829.0,SINGLE_FAMILY,1653 Garvey Pl,95132,SOLD,52197.65333333334,483,95123,22,32,Above Average,22.9,34.0,45.5
38,38,450000.0,450000,2914.0,Not specified,2.0,2.0,1240.0,CONDO,5120 Cribari Pl,95135,SOLD,12360.0,400,95128,33,45,Excellent,33.5,7.9,0.0
39,39,1551300.0,1595000,4305.0,Not specified,3.0,4.0,2448.0,SINGLE_FAMILY,5638 Wells Ct,95123,SOLD,42609.04,475,95120,14,20,Average,27.6,37.1,41.7
40,40,1800200.0,1800000,3798.0,Not specified,2.0,3.0,1297.0,SINGLE_FAMILY,2345 Carlton Ave,95124,SOLD,49445.49333333333,542,95124,19,27,Above Average,24.7,12.9,50.0
41,41,2630200.0,2630000,5284.0,Not specified,3.0,5.0,2565.0,SINGLE_FAMILY,5610 Domaine Dr,95118,SOLD,72242.82666666666,547,95128,33,45,Average,26.2,28.2,44.4
42,42,1337300.0,1310000,3699.0,Not specified,2.0,3.0,1649.0,SINGLE_FAMILY,5722 Crow Ln,95123,SOLD,36731.17333333333,526,95125,21,31,Average,27.6,37.1,41.7
43,43,1336700.0,1245000,3999.0,Not specified,3.0,4.0,2009.0,SINGLE_FAMILY,5077 Gazania Dr,95111,SOLD,36714.693333333336,509,95125,21,31,Average,27.1,74.6,100.0
44,44,1100000.0,1190000,3390.0,Not specified,1.0,3.0,1150.0,SINGLE_FAMILY,455 Macarthur Ave,95128,SOLD,30213.33333333333,433,95124,19,27,Average,22.2,61.4,60.0
45,45,744800.0,730000,3278.0,Not specified,1.0,3.0,1136.0,SINGLE_FAMILY,1057 Chestnut St,95110,SOLD,20457.17333333333,525,95135,17,23,Below Average,21.8,76.4,100.0
46,46,745300.0,755000,2949.0,Not specified,1.0,2.0,880.0,SINGLE_FAMILY,108 S 23rd St,95116,SOLD,20470.906666666666,528,95111,33,44,Below Average,24.4,84.7,100.0
47,47,1086200.0,1050297,2868.0,Not specified,,,1528.0,MULTI_FAMILY,766 N 16th St,95112,SOLD,29834.29333333333,410,95111,33,44,Below Average,22.7,77.2,100.0
48,48,1044400.0,1130000,4043.0,Not specified,2.0,3.0,1447.0,SINGLE_FAMILY,572 Macarthur Ave,95128,SOLD,28686.186666666665,450,95124,19,27,Average,22.2,61.4,60.0
49,49,870900.0,850000,3384.0,Not specified,3.0,2.0,1457.0,TOWNHOUSE,2768 Ferrara Cir,95111,SOLD,23920.72,440,95125,21,31,Average,27.1,74.6,100.0
50,50,1035100.0,1035000,1809.0,Not specified,,,1904.0,MULTI_FAMILY,101 Oak St,95110,SOLD,28430.746666666666,405,95138,17,24,Below Average,21.8,76.4,100.0
51,51,1395200.0,1395000,4964.0,Not specified,4.0,5.0,2666.0,SINGLE_FAMILY,767 Portofino Pl,95136,SOLD,38321.49333333333,449,95126,32,45,Average,27.9,46.1,80.0
52,52,710100.0,710000,3769.0,Not specified,2.0,4.0,1324.0,SINGLE_FAMILY,700 Jasper St,95116,SOLD,19504.08,358,95123,22,32,Below Average,24.4,84.7,100.0
53,53,577500.0,575000,2626.0,Not specified,2.0,2.0,1004.0,CONDO,1010 Summerplace Dr,95122,SOLD,15862.0,543,95129,19,28,Average,25.2,83.5,100.0
54,54,1350200.0,1350000,4544.0,Not specified,3.0,4.0,1856.0,SINGLE_FAMILY,2175 Laurelei Ave,95128,SOLD,37085.49333333333,445,95121,22,32,Average,22.2,61.4,60.0
55,55,885100.0,885000,3378.0,Not specified,2.0,3.0,1120.0,SINGLE_FAMILY,881 Cotton Tail Ave,95116,SOLD,24310.746666666666,536,95123,22,32,Below Average,24.4,84.7,100.0
56,56,1524600.0,1600000,3679.0,Not specified,2.0,3.0,1250.0,SINGLE_FAMILY,1404 Gerhardt Ave,95125,SOLD,41875.68,362,95116,47,56,Average,24.3,40.4,50.0
57,57,1070100.0,1070000,4234.0,Not specified,4.0,4.0,1917.0,TOWNHOUSE,522 S 22nd St,95116,SOLD,29392.08,476,95136,23,36,Below Average,24.4,84.7,100.0
58,58,620100.0,620000,2898.0,Not specified,2.0,3.0,1165.0,TOWNHOUSE,2140 Galveston Ave UNIT C,95122,SOLD,17032.08,452,95132,21,30,Average,25.2,83.5,100.0
59,59,1800300.0,1800000,3949.0,Not specified,2.0,3.0,1571.0,SINGLE_FAMILY,991 Twin Brook Dr,95126,SOLD,49448.24,352,95148,19,27,Average,22.4,61.2,100.0
60,60,1650300.0,1650000,3949.0,Not specified,2.0,3.0,1490.0,SINGLE_FAMILY,2133 Cherry Ave,95125,SOLD,45328.24,524,95138,17,24,Average,24.3,40.4,50.0
61,61,3430600.0,3430000,6813.0,Not specified,4.5,5.0,3706.0,SINGLE_FAMILY,2301 Richland Ave,95125,SOLD,94227.14666666668,447,95132,21,30,Average,24.3,40.4,50.0
62,62,3425600.0,3425000,6725.0,Not specified,4.0,4.0,3488.0,SINGLE_FAMILY,1882 University Ave,95126,SOLD,94089.81333333332,468,95135,17,23,Average,22.4,61.2,100.0
63,63,930200.0,930000,2379.0,Not specified,3.0,6.0,2020.0,MULTI_FAMILY,289 N 11th St,95112,SOLD,25549.493333333336,478,95123,22,32,Below Average,22.7,77.2,100.0
64,64,1281600.0,1280000,3499.0,Not specified,2.0,3.0,1032.0,SINGLE_FAMILY,2282 Aram Ave,95128,SOLD,35201.28,356,95124,19,27,Average,22.2,61.4,60.0
65,65,,225000,2148.0,Not specified,2.0,2.0,800.0,MANUFACTURED,2580 Whispering Hills Cir #2580,95148,SOLD,,541,95118,22,32,Above Average,28.9,35.6,41.7
66,66,1860300.0,1860000,3587.0,Not specified,2.0,2.0,1646.0,SINGLE_FAMILY,1775 University Way,95126,SOLD,51096.24,449,95123,22,32,Average,22.4,61.2,100.0
67,67,763100.0,763000,3130.0,Not specified,2.0,3.0,1214.0,SINGLE_FAMILY,1731 Crucero Dr,95122,SOLD,20959.81333333333,492,95111,33,44,Average,25.2,83.5,100.0
68,68,1480300.0,1480000,3949.0,Not specified,2.0,3.0,1514.0,SINGLE_FAMILY,1474 Darlene Ave,95125,SOLD,40658.90666666666,501,95128,33,45,Average,24.3,40.4,50.0
69,69,1204500.0,1250000,3298.0,Not specified,2.0,3.0,1044.0,SINGLE_FAMILY,863 College Dr,95128,SOLD,33083.6,527,95110,43,53,Average,22.2,61.4,60.0
70,70,1750400.0,1750000,4185.0,Not specified,3.0,3.0,2160.0,SINGLE_FAMILY,570 Minnesota Ave,95125,SOLD,48077.65333333334,484,95116,47,56,Average,24.3,40.4,50.0
71,71,1089200.0,1089000,4093.0,Not specified,3.0,5.0,2104.0,SINGLE_FAMILY,210 Sedona Pl,95116,SOLD,29916.693333333336,427,95112,43,54,Below Average,24.4,84.7,100.0
72,72,800200.0,800000,2984.0,Not specified,2.0,2.0,1118.0,CONDO,809 Auzerais Ave UNIT 403,95126,SOLD,21978.826666666668,453,95128,33,45,Average,22.4,61.2,100.0
73,73,861400.0,225000,3483.0,Not specified,2.0,3.0,1040.0,SINGLE_FAMILY,1928 Biscayne Way,95122,SOLD,23659.78666666667,400,95111,33,44,Average,25.2,83.5,100.0
74,74,981800.0,158000,3599.0,Not specified,3.0,5.0,1851.0,SINGLE_FAMILY,1606 Waverly Ave,95122,SOLD,26966.77333333333,507,95110,43,53,Average,25.2,83.5,100.0
75,75,378200.0,378000,1836.0,Not specified,1.0,1.0,519.0,CONDO,516 Martha St UNIT 203,95112,SOLD,10387.893333333332,495,95136,23,36,Below Average,22.7,77.2,100.0
76,76,1371500.0,1371000,3814.0,Not specified,2.0,3.0,1562.0,SINGLE_FAMILY,584 Coe Ave,95125,SOLD,37670.53333333333,419,95116,47,56,Average,24.3,40.4,50.0
77,77,890400.0,890000,3399.0,Not specified,2.0,3.0,1111.0,SINGLE_FAMILY,1932 McLaughlin Ave,95122,SOLD,24456.32,519,95122,39,49,Average,25.2,83.5,100.0
78,78,1300500.0,1300000,2292.0,Not specified,2.0,5.0,2019.0,MULTI_FAMILY,734 Illinois Ave,95125,SOLD,35720.4,405,95128,33,45,Average,24.3,40.4,50.0
79,79,750300.0,750000,3099.0,Not specified,1.0,2.0,1250.0,SINGLE_FAMILY,1298 Plum St,95110,SOLD,20608.24,522,95116,47,56,Below Average,21.8,76.4,100.0
80,80,537700.0,537500,2614.0,Not specified,2.0,2.0,961.0,CONDO,1061 Summerain Ct,95122,SOLD,14768.826666666666,361,95125,21,31,Average,25.2,83.5,100.0
81,81,880400.0,880000,3692.0,Not specified,2.0,4.0,1381.0,SINGLE_FAMILY,1391 Bal Harbor Way,95122,SOLD,24181.653333333332,458,95116,47,56,Average,25.2,83.5,100.0
82,82,429200.0,429000,2564.0,Not specified,1.0,2.0,953.0,CONDO,2201 Summereve Ct,95122,SOLD,11788.693333333333,435,95122,39,49,Average,25.2,83.5,100.0
83,83,705300.0,705000,2949.0,Not specified,2.0,2.0,1095.0,CONDO,727 Northrup St,95126,SOLD,19372.24,423,95126,32,45,Average,22.4,61.2,100.0
84,84,,650000,2662.0,Not specified,2.0,2.0,1054.0,CONDO,1528 Alma Ter,95125,SOLD,,505,95125,21,31,Average,24.3,40.4,50.0
85,85,605300.0,605000,2525.0,Not specified,1.0,2.0,885.0,TOWNHOUSE,2303 Warfield Way UNIT A,95122,SOLD,16625.573333333334,532,95125,21,31,Average,25.2,83.5,100.0
86,86,,782000,3770.0,Not specified,2.0,4.0,1291.0,SINGLE_FAMILY,386 Brown Ave,95125,SOLD,,429,95126,32,45,Average,24.3,40.4,50.0
87,87,569300.0,569000,2635.0,Not specified,1.0,1.0,888.0,CONDO,1375 Lick Ave APT 123,95110,SOLD,15636.773333333334,542,95112,43,54,Below Average,21.8,76.4,100.0
88,88,1120600.0,1120000,3499.0,Not specified,2.0,3.0,1232.0,SINGLE_FAMILY,2658 Kimball Dr,95121,SOLD,30779.14666666667,487,95128,33,45,Above Average,26.4,50.0,60.0
89,89,1007500.0,1000000,3599.0,Not specified,2.0,4.0,1453.0,SINGLE_FAMILY,1653 Trieste Ct,95122,SOLD,27672.66666666667,537,95148,19,27,Average,25.2,83.5,100.0
90,90,560300.0,560000,2749.0,Not specified,2.0,2.0,1026.0,TOWNHOUSE,2664 Senter Rd APT 126,95111,SOLD,15389.573333333336,517,95126,32,45,Average,27.1,74.6,100.0
91,91,541300.0,541000,2469.0,Not specified,1.0,2.0,885.0,CONDO,2256 Warfield Way UNIT B,95122,SOLD,14867.706666666667,546,95122,39,49,Average,25.2,83.5,100.0
92,92,1219800.0,1219000,3052.0,Not specified,1.0,2.0,1470.0,SINGLE_FAMILY,696 Coe Ave,95125,SOLD,33503.84,360,95125,21,31,Average,24.3,40.4,50.0
93,93,1158900.0,1158000,3569.0,Not specified,3.0,3.0,1780.0,SINGLE_FAMILY,625 S 5th St,95112,SOLD,31831.12,465,95128,33,45,Below Average,22.7,77.2,100.0
94,94,1089800.0,1089000,3588.0,Not specified,2.0,4.0,1350.0,SINGLE_FAMILY,1304 Shoreview Ct,95122,SOLD,29933.17333333333,391,95125,21,31,Average,25.2,83.5,100.0
95,95,1922600.0,1921000,4481.0,Not specified,4.0,4.0,2536.0,SINGLE_FAMILY,585 Margaret St,95112,SOLD,52807.41333333333,549,95116,47,56,Below Average,22.7,77.2,100.0
96,96,405300.0,405000,1999.0,Not specified,1.0,1.0,666.0,CONDO,2747 Lone Bluff Way,95111,SOLD,11132.24,509,95126,32,45,Average,27.1,74.6,100.0
97,97,1695800.0,497500,4500.0,Not specified,3.0,4.0,2019.0,SINGLE_FAMILY,56 Cleaves Ave,95126,SOLD,46577.97333333334,352,95122,39,49,Average,22.4,61.2,100.0
98,98,1006300.0,256500,3599.0,Not specified,2.0,4.0,1350.0,SINGLE_FAMILY,1338 Sunnycrest Cir,95122,SOLD,27639.706666666665,537,95122,39,49,Average,25.2,83.5,100.0
99,99,1451300.0,1450000,3800.0,Not specified,2.0,3.0,1472.0,SINGLE_FAMILY,680 S 12th St,95112,SOLD,39862.37333333333,407,95112,43,54,Below Average,22.7,77.2,100.0
100,100,915800.0,915000,3432.0,Not specified,2.0,3.0,1178.0,SINGLE_FAMILY,1089 Saddlewood Dr,95121,SOLD,25153.97333333333,419,95125,21,31,Above Average,26.4,50.0,60.0
101,101,885900.0,260000,3457.0,Not specified,2.0,3.0,1047.0,SINGLE_FAMILY,1901 S King Rd,95122,SOLD,24332.72,504,95122,39,49,Average,25.2,83.5,100.0
102,102,570500.0,570000,2749.0,Not specified,2.0,2.0,1026.0,CONDO,2664 Senter Rd APT 220,95111,SOLD,15669.733333333335,467,95125,21,31,Average,27.1,74.6,100.0
103,103,860800.0,860000,1550.0,Not specified,,,2400.0,MULTI_FAMILY,787 State St #B,95110,SOLD,23643.306666666664,478,95110,43,53,Below Average,21.8,76.4,100.0
104,104,835800.0,835000,2355.0,Not specified,,,1320.0,MULTI_FAMILY,1192 S 3rd St,95112,SOLD,22956.64,502,95122,39,49,Below Average,22.7,77.2,100.0
105,105,1081000.0,246363,3800.0,Not specified,3.0,4.0,1579.0,SINGLE_FAMILY,1057 Saddlewood Dr,95121,SOLD,29691.46666666667,426,95122,39,49,Above Average,26.4,50.0,60.0
106,106,505500.0,505000,2214.0,Not specified,1.0,1.0,784.0,CONDO,1433 Alma Loop,95125,SOLD,13884.4,355,95122,39,49,Average,24.3,40.4,50.0
107,107,2016900.0,2000000,5969.0,Not specified,5.0,14.0,4999.0,SINGLE_FAMILY,818 S 3rd St,95112,SOLD,55397.52,519,95126,32,45,Below Average,22.7,77.2,100.0
108,108,661300.0,650000,2792.0,Not specified,2.0,2.0,1061.0,CONDO,125 Patterson St UNIT 317,95112,SOLD,18163.706666666665,466,95125,21,31,Below Average,22.7,77.2,100.0
109,109,952000.0,216000,2728.0,Not specified,1.0,2.0,1020.0,SINGLE_FAMILY,582 S Almaden Ave,95110,SOLD,26148.266666666666,384,95122,39,49,Below Average,21.8,76.4,100.0
110,110,907200.0,877000,3835.0,Not specified,3.0,4.0,1956.0,CONDO,80 E Virginia St UNIT 1,95112,SOLD,24917.76,360,95125,21,31,Below Average,22.7,77.2,100.0
111,111,516800.0,499000,2243.0,Not specified,1.0,1.0,710.0,CONDO,125 Patterson St UNIT 204,95112,SOLD,14194.773333333334,453,95110,43,53,Below Average,22.7,77.2,100.0
112,112,892400.0,855000,3508.0,Not specified,3.0,4.0,964.0,SINGLE_FAMILY,735 State St,95110,SOLD,24511.25333333333,504,95121,22,32,Below Average,21.8,76.4,100.0
113,113,964600.0,916000,3728.0,Not specified,2.0,3.0,1250.0,SINGLE_FAMILY,757 S 3rd St,95112,SOLD,26494.346666666668,502,95122,39,49,Below Average,22.7,77.2,100.0
114,114,727400.0,688000,2939.0,Not specified,2.0,1.0,1397.0,CONDO,125 Patterson St UNIT 107,95112,SOLD,19979.253333333334,536,95111,33,44,Below Average,22.7,77.2,100.0
115,115,775000.0,720000,3069.0,Not specified,1.0,2.0,1168.0,SINGLE_FAMILY,739 S 5th St,95112,SOLD,21286.666666666668,497,95122,39,49,Below Average,22.7,77.2,100.0
116,116,592800.0,550000,2434.0,Not specified,1.0,1.0,894.0,CONDO,125 Patterson St UNIT 120,95112,SOLD,16282.24,466,95125,21,31,Below Average,22.7,77.2,100.0
117,117,752000.0,680000,2928.0,Not specified,2.0,2.0,1218.0,CONDO,125 Patterson St UNIT 234,95112,SOLD,20654.933333333334,454,95112,43,54,Below Average,22.7,77.2,100.0
118,118,735900.0,655000,2910.0,Not specified,2.0,2.0,1207.0,CONDO,125 Patterson St UNIT 134,95112,SOLD,20212.72,508,95122,39,49,Below Average,22.7,77.2,100.0
119,119,790600.0,700000,2939.0,Not specified,2.0,1.0,1397.0,CONDO,125 Patterson St UNIT 123,95112,SOLD,21715.146666666667,491,95112,43,54,Below Average,22.7,77.2,100.0
120,120,700800.0,700000,2792.0,Not specified,2.0,2.0,1061.0,CONDO,125 Patterson St UNIT 113,95112,SOLD,19248.64,491,95111,33,44,Below Average,22.7,77.2,100.0
121,121,645400.0,570000,2434.0,Not specified,1.0,1.0,894.0,CONDO,125 Patterson St UNIT 302,95112,SOLD,17726.986666666668,402,95126,32,45,Below Average,22.7,77.2,100.0
122,122,1085400.0,1012500,3614.0,Not specified,1.0,3.0,1272.0,SINGLE_FAMILY,742 State St,95110,SOLD,29812.32,455,95122,39,49,Below Average,21.8,76.4,100.0
123,123,773700.0,677000,2939.0,Not specified,2.0,1.0,1397.0,CONDO,125 Patterson St UNIT 103,95112,SOLD,21250.960000000006,388,95112,43,54,Below Average,22.7,77.2,100.0
124,124,,1590000,2300.0,Not specified,,,3376.0,APARTMENT,143 W Reed St APT 1,95110,SOLD,,357,95121,22,32,Below Average,21.8,76.4,100.0
125,125,769300.0,665000,2799.0,Not specified,2.0,2.0,1061.0,MULTI_FAMILY,125 Patterson St UNIT 125,95112,SOLD,21130.106666666667,510,95122,39,49,Below Average,22.7,77.2,100.0
126,126,,1100000,1930.0,Not specified,,,2300.0,APARTMENT,826 S 3rd St,95112,SOLD,,532,95111,33,44,Below Average,22.7,77.2,100.0
127,127,637600.0,550000,2755.0,Not specified,1.0,2.0,780.0,SINGLE_FAMILY,85 Martha St,95112,SOLD,17512.746666666666,483,95110,43,53,Below Average,22.7,77.2,100.0
128,128,1316000.0,1130000,4136.0,Not specified,4.0,4.0,2111.0,MULTI_FAMILY,129 Duane St,95110,SOLD,36146.13333333333,473,95112,43,54,Below Average,21.8,76.4,100.0
129,129,,510000,2462.0,10,1.0,1.0,894.0,APARTMENT,125 Patterson St UNIT 106,95112,SOLD,,500,95121,22,32,Below Average,22.7,77.2,100.0
130,130,715300.0,670000,2956.0,Not specified,2.0,2.0,1218.0,CONDO,125 Patterson St UNIT 233,95112,SOLD,19646.906666666666,415,95125,21,31,Below Average,22.7,77.2,100.0
131,131,,16500000,2085.0,Not specified,,,4444.0,LOT,618 S 1st St,95113,SOLD,,422,95112,43,54,Poor,21.2,70.38427835051591,91.18994845360824
132,132,,16500000,2338.0,Not specified,,,4320.0,APARTMENT,600 S 1st St,95113,SOLD,,423,95112,43,54,Poor,21.2,70.38427835051591,91.18994845360824
133,133,1038400.0,870000,3714.0,Not specified,1.0,4.0,1529.0,SINGLE_FAMILY,839 S 3rd St,95112,SOLD,28521.386666666665,373,95110,43,53,Below Average,22.7,77.2,100.0
134,134,720700.0,665000,2891.0,Not specified,2.0,2.0,1218.0,CONDO,125 Patterson St UNIT 236,95112,SOLD,19795.22666666667,451,95112,43,54,Below Average,22.7,77.2,100.0
135,135,1315300.0,600000,3693.0,Not specified,5.0,5.0,1480.0,SINGLE_FAMILY,728 State St,95110,SOLD,36126.90666666666,397,95112,43,54,Below Average,21.8,76.4,100.0
136,136,1528600.0,4080000,2807.0,Not specified,,,2520.0,MULTI_FAMILY,706 S 2nd St,95112,SOLD,41985.54666666666,396,95110,43,53,Below Average,22.7,77.2,100.0
137,137,1180500.0,1075000,3170.0,Not specified,2.0,2.0,1128.0,SINGLE_FAMILY,82 Pierce Ave,95110,SOLD,32424.4,531,95112,43,54,Below Average,21.8,76.4,100.0
138,138,1116500.0,975000,3140.0,Not specified,2.0,2.0,1122.0,SINGLE_FAMILY,84 W William St,95110,SOLD,30666.53333333333,414,95112,43,54,Below Average,21.8,76.4,100.0
139,139,1336700.0,167000,3999.0,Not specified,2.5,4.0,2000.0,SINGLE_FAMILY,111 W William St,95110,SOLD,36714.693333333336,459,95112,43,54,Below Average,21.8,76.4,100.0
140,140,676600.0,640000,2792.0,Not specified,2.0,2.0,1061.0,CONDO,125 Patterson St UNIT 137,95112,SOLD,18583.946666666667,467,95112,43,54,Below Average,22.7,77.2,100.0
141,141,920200.0,750000,3366.0,Not specified,1.0,3.0,1072.0,SINGLE_FAMILY,912 S 3rd St,95112,SOLD,25274.82666666667,390,95112,43,54,Below Average,22.7,77.2,100.0
142,142,1105500.0,970000,3528.0,Not specified,2.0,3.0,1415.0,SINGLE_FAMILY,733 State St,95110,SOLD,30364.4,548,95112,43,54,Below Average,21.8,76.4,100.0
143,143,879700.0,700000,3949.0,Not specified,3.0,3.0,1902.0,CONDO,80 E Virginia St UNIT 2,95112,SOLD,24162.42666666667,447,95112,43,54,Below Average,22.7,77.2,100.0
144,144,1078400.0,1900000,3785.0,Not specified,2.0,4.0,1400.0,SINGLE_FAMILY,776 S 2nd St,95112,SOLD,29620.05333333333,370,95112,43,54,Below Average,22.7,77.2,100.0
145,145,667900.0,630000,2799.0,Not specified,2.0,2.0,1071.0,MULTI_FAMILY,125 Patterson St UNIT 315,95112,SOLD,18344.986666666668,463,95112,43,54,Below Average,22.7,77.2,100.0
146,146,561000.0,522000,2499.0,Not specified,1.0,1.0,945.0,CONDO,125 Patterson St UNIT 109,95112,SOLD,15408.8,419,95110,43,53,Below Average,22.7,77.2,100.0
147,147,986000.0,985000,3768.0,Not specified,3.0,3.0,1197.0,SINGLE_FAMILY,730 Fuller Ave,95125,SOLD,27082.13333333333,413,95112,43,54,Average,24.3,40.4,50.0
148,148,1251200.0,1250000,3814.0,Not specified,2.5,4.0,2020.0,SINGLE_FAMILY,352 Jerome St,95125,SOLD,34366.29333333333,453,95110,43,53,Average,24.3,40.4,50.0
149,149,891000.0,890000,3200.0,Not specified,1.0,3.0,915.0,SINGLE_FAMILY,520 Fuller Ave,95125,SOLD,24472.8,393,95112,43,54,Average,24.3,40.4,50.0
150,150,899000.0,860000,2927.0,Not specified,,,2400.0,MULTI_FAMILY,787 State St,95110,SOLD,24692.53333333333,446,95112,43,54,Below Average,21.8,76.4,100.0
151,151,636800.0,636000,2560.0,Not specified,2.0,2.0,854.0,CONDO,516 Martha St UNIT 206,95112,SOLD,17490.77333333333,517,95112,43,54,Below Average,22.7,77.2,100.0
152,152,626000.0,625000,2828.0,Not specified,2.0,2.0,1211.0,CONDO,951 S 12th St APT 304,95112,SOLD,17194.133333333335,454,95110,43,53,Below Average,22.7,77.2,100.0
153,153,600900.0,600000,2749.0,Not specified,2.0,2.0,1130.0,CONDO,951 S 12th St APT 108,95112,SOLD,16504.719999999998,439,95112,43,54,Below Average,22.7,77.2,100.0
154,154,807300.0,806000,3440.0,Not specified,2.0,3.0,1176.0,SINGLE_FAMILY,679 S 12th St,95112,SOLD,22173.84,434,95112,43,54,Below Average,22.7,77.2,100.0
155,155,1873700.0,91500,3962.0,Not specified,2.0,3.0,1564.0,SINGLE_FAMILY,779 Bird Ave,95125,SOLD,51464.29333333334,511,95113,24,39,Average,24.3,40.4,50.0
156,156,1051700.0,1050000,3980.0,Not specified,3.0,3.0,1621.0,TOWNHOUSE,895 Gaspar Vis,95126,SOLD,28886.693333333336,472,95113,24,39,Average,22.4,61.2,100.0
157,157,,3960000,2124.0,Not specified,1.0,2.0,792.0,APARTMENT,283 E Reed St,95112,SOLD,,444,95112,43,54,Below Average,22.7,77.2,100.0
158,158,731700.0,730000,2785.0,Not specified,1.0,2.0,839.0,SINGLE_FAMILY,317 Goodyear St,95110,SOLD,20097.36,501,95112,43,54,Below Average,21.8,76.4,100.0
159,159,922100.0,920000,3578.0,Not specified,2.0,3.0,1440.0,SINGLE_FAMILY,849 S 7th St,95112,SOLD,25327.01333333333,395,95110,43,53,Below Average,22.7,77.2,100.0
160,160,749900.0,725000,3149.0,Not specified,2.0,2.0,1421.0,CONDO,144 S 3rd St UNIT 531,95112,SOLD,20597.253333333334,451,95112,43,54,Below Average,22.7,77.2,100.0
161,161,1071500.0,1025000,3949.0,Not specified,3.0,3.0,1621.0,TOWNHOUSE,309 Bautista Pl,95126,SOLD,29430.53333333333,471,95110,43,53,Average,22.4,61.2,100.0
162,162,1203500.0,1200000,3204.0,Not specified,1.0,2.0,1152.0,SINGLE_FAMILY,361 W Virginia St,95125,SOLD,33056.13333333333,488,95110,43,53,Average,24.3,40.4,50.0
163,163,1028000.0,1025000,3597.0,Not specified,3.0,2.0,1582.0,TOWNHOUSE,315 Bautista Pl,95126,SOLD,28235.73333333333,504,95110,43,53,Average,22.4,61.2,100.0
164,164,526500.0,525000,2400.0,Not specified,1.0,1.0,873.0,CONDO,951 S 12th St APT 117,95112,SOLD,14461.2,456,95112,43,54,Below Average,22.7,77.2,100.0
165,165,497500.0,1660000,1813.0,Not specified,,,1624.0,MULTI_FAMILY,469 S 7th St,95112,SOLD,13664.666666666664,522,95112,43,54,Below Average,22.7,77.2,100.0
166,166,1002800.0,1660000,2913.0,Not specified,,,2584.0,MULTI_FAMILY,463 S 7th St,95112,SOLD,27543.57333333333,393,95110,43,53,Below Average,22.7,77.2,100.0
167,167,1131400.0,1127000,3569.0,Not specified,2.0,3.0,1130.0,SINGLE_FAMILY,747 Delmas Ave,95125,SOLD,31075.78666666667,472,95112,43,54,Average,24.3,40.4,50.0
168,168,955200.0,951000,2732.0,Not specified,2.0,2.0,936.0,SINGLE_FAMILY,980 S 12th St,95112,SOLD,26236.16,350,95112,43,54,Below Average,22.7,77.2,100.0
169,169,,820000,,Not specified,1.0,2.0,934.0,SINGLE_FAMILY,1141 Vine St,95110,SOLD,,428,95112,43,54,Below Average,21.8,76.4,100.0
170,170,612711.0,490000,2298.0,12,1.0,1.0,876.0,CONDO,411 Park Ave UNIT 228,95110,SOLD,16829.1288,393,95112,43,54,Below Average,21.8,76.4,100.0
171,171,695400.0,692000,2864.0,Not specified,2.0,2.0,1013.0,CONDO,411 Park Ave UNIT 340,95110,SOLD,19100.32,458,95125,21,31,Below Average,21.8,76.4,100.0
172,172,1207700.0,1200000,3009.0,Not specified,1.0,2.0,1420.0,SINGLE_FAMILY,550 S 15th St,95112,SOLD,33171.49333333333,373,95125,21,31,Below Average,22.7,77.2,100.0
173,173,447900.0,445000,1998.0,Not specified,1.0,1.0,667.0,CONDO,1060 S 3rd St APT 257,95112,SOLD,12302.32,480,95125,21,31,Below Average,22.7,77.2,100.0
174,174,,2200000,1834.0,Not specified,,,4090.0,APARTMENT,553 S 6th St,95112,SOLD,,373,95110,43,53,Below Average,22.7,77.2,100.0
175,175,795300.0,790000,3149.0,Not specified,2.0,2.0,1421.0,CONDO,144 S 3rd St UNIT 439,95112,SOLD,21844.24,519,95112,43,54,Below Average,22.7,77.2,100.0
176,176,1338500.0,1445000,3391.0,Not specified,2.0,6.0,2186.0,SINGLE_FAMILY,348 Royal Ave,95126,SOLD,36764.13333333333,477,95112,43,54,Average,22.4,61.2,100.0
177,177,1798300.0,1785000,3664.0,Not specified,2.0,3.0,1719.0,CONDO,38 N Almaden Blvd UNIT 1901,95110,SOLD,49393.306666666664,549,95112,43,54,Below Average,21.8,76.4,100.0
178,178,831000.0,830000,3113.0,Not specified,2.0,2.0,1237.0,CONDO,88 E San Fernando St UNIT 908,95113,SOLD,22824.8,549,95112,43,54,Poor,21.2,70.38427835051591,91.18994845360824
179,179,926500.0,925000,3187.0,Not specified,2.0,2.0,1220.0,CONDO,38 N Almaden Blvd UNIT 1619,95110,SOLD,25447.866666666665,549,95125,21,31,Below Average,21.8,76.4,100.0
180,180,1351700.0,1349000,3683.0,Not specified,2.0,2.0,1502.0,CONDO,38 N Almaden Blvd UNIT 323,95110,SOLD,37126.693333333336,441,95126,32,45,Below Average,21.8,76.4,100.0
181,181,1654400.0,1650000,4300.0,Not specified,2.0,4.0,2550.0,SINGLE_FAMILY,259 S 14th St,95112,SOLD,45440.85333333334,395,95112,43,54,Below Average,22.7,77.2,100.0
182,182,765400.0,763000,2749.0,Not specified,1.0,1.0,956.0,CONDO,38 N Almaden Blvd UNIT 1505,95110,SOLD,21022.986666666668,458,95110,43,53,Below Average,21.8,76.4,100.0
183,183,1357300.0,1352000,4198.0,Not specified,3.0,4.0,1836.0,SINGLE_FAMILY,1004 Woodholly Ct,95116,SOLD,37280.50666666667,519,95112,43,54,Below Average,24.4,84.7,100.0
184,184,748300.0,745000,2598.0,Not specified,2.0,1.0,976.0,CONDO,350 N 2nd St APT 339,95112,SOLD,20553.306666666664,522,95112,43,54,Below Average,22.7,77.2,100.0
185,185,680500.0,700000,2749.0,Not specified,1.0,1.0,868.0,CONDO,38 N Almaden Blvd UNIT 503,95110,SOLD,18691.066666666666,532,95126,32,45,Below Average,21.8,76.4,100.0
186,186,2212800.0,2200000,5897.0,Not specified,1.0,1.0,4618.0,SINGLE_FAMILY,201 S 13th St,95112,SOLD,60778.24,354,95125,21,31,Below Average,22.7,77.2,100.0
187,187,1096600.0,650000,1550.0,Not specified,,,1408.0,MULTI_FAMILY,47 S 8th St,95112,SOLD,30119.94666666667,405,95126,32,45,Below Average,22.7,77.2,100.0
188,188,1375500.0,650000,1500.0,Not specified,,,2708.0,MULTI_FAMILY,57 S 8th St,95112,SOLD,37780.4,526,95112,43,54,Below Average,22.7,77.2,100.0
189,189,659700.0,655000,2781.0,Not specified,2.0,1.0,1097.0,CONDO,88 E San Fernando St UNIT 305,95113,SOLD,18119.76,399,95112,43,54,Poor,21.2,70.38427835051591,91.18994845360824
190,190,,1075000,4300.0,Not specified,3.0,4.0,2232.0,SINGLE_FAMILY,658 Woodland Ter,95112,SOLD,,419,95112,43,54,Below Average,22.7,77.2,100.0
191,191,831400.0,831000,3099.0,Not specified,2.0,2.0,1360.0,CONDO,30 E Julian St UNIT 217,95112,SOLD,22835.78666666667,498,95125,21,31,Below Average,22.7,77.2,100.0
192,192,905400.0,905000,2762.0,Not specified,2.0,2.0,1068.0,SINGLE_FAMILY,1051 E William St,95116,SOLD,24868.32,424,95112,43,54,Below Average,24.4,84.7,100.0
193,193,715400.0,715000,2598.0,Not specified,2.0,1.0,950.0,CONDO,20 Ryland Park Dr APT 302,95110,SOLD,19649.65333333333,512,95110,43,53,Below Average,21.8,76.4,100.0
194,194,,4075000,1889.0,Not specified,,,7466.0,MULTI_FAMILY,151 S 13th St,95112,SOLD,,373,95110,43,53,Below Average,22.7,77.2,100.0
195,195,874100.0,24000,3614.0,Not specified,,,,CONDO,46 W Julian St,95110,SOLD,24008.61333333333,406,95110,43,53,Below Average,21.8,76.4,100.0
196,196,777200.0,776500,2785.0,Not specified,1.0,2.0,960.0,SINGLE_FAMILY,326 N 4th St,95112,SOLD,21347.093333333334,542,95112,43,54,Below Average,22.7,77.2,100.0
197,197,1026200.0,1025000,3934.0,Not specified,3.0,3.0,2008.0,CONDO,67 Bassett St,95110,SOLD,28186.29333333333,401,95112,43,54,Below Average,21.8,76.4,100.0
198,198,606300.0,605500,2495.0,Not specified,1.0,1.0,789.0,CONDO,435 N 2nd St UNIT 212,95112,SOLD,16653.04,411,95112,43,54,Below Average,22.7,77.2,100.0
199,199,1732200.0,1730000,4500.0,Not specified,4.0,4.0,2763.0,SINGLE_FAMILY,250 S 15th St,95112,SOLD,47577.76,405,95112,43,54,Below Average,22.7,77.2,100.0
200,200,700900.0,700000,2827.0,Not specified,2.0,2.0,1006.0,SINGLE_FAMILY,153 N 9th St,95112,SOLD,19251.386666666665,408,95126,32,45,Below Average,22.7,77.2,100.0
201,201,716100.0,715000,2598.0,Not specified,2.0,1.0,950.0,CONDO,20 Ryland Park Dr APT 316,95110,SOLD,19668.88,525,95110,43,53,Below Average,21.8,76.4,100.0
202,202,871300.0,870000,3597.0,Not specified,3.0,3.0,1548.0,APARTMENT,415 N 2nd St UNIT 142,95112,SOLD,23931.706666666665,528,95113,24,39,Below Average,22.7,77.2,100.0
203,203,951500.0,950000,3480.0,Not specified,2.0,3.0,1260.0,SINGLE_FAMILY,274 N 6th St,95112,SOLD,26134.53333333333,526,95110,43,53,Below Average,22.7,77.2,100.0
204,204,1499200.0,167000,4850.0,Not specified,3.0,6.0,2224.0,SINGLE_FAMILY,44 S 15th St,95112,SOLD,41178.026666666665,374,95110,43,53,Below Average,22.7,77.2,100.0
205,205,871400.0,870000,3113.0,Not specified,2.0,2.0,1588.0,SINGLE_FAMILY,1109 Spiro Dr,95116,SOLD,23934.45333333333,433,95112,43,54,Below Average,24.4,84.7,100.0
206,206,876400.0,875000,3650.0,Not specified,3.0,3.0,1548.0,CONDO,415 N 2nd St UNIT 343,95112,SOLD,24071.78666666667,360,95110,43,53,Below Average,22.7,77.2,100.0
207,207,2039200.0,2050000,5965.0,Not specified,6.0,5.0,4200.0,SINGLE_FAMILY,424 N 3rd St,95112,SOLD,56010.02666666666,503,95116,47,56,Below Average,22.7,77.2,100.0
208,208,1110400.0,1108000,3750.0,Not specified,2.0,3.0,1507.0,SINGLE_FAMILY,100 S 12th St,95112,SOLD,30498.98666666667,353,95112,43,54,Below Average,22.7,77.2,100.0
209,209,1110400.0,1108000,3750.0,Not specified,2.0,3.0,1507.0,SINGLE_FAMILY,98 S 12th St,95112,SOLD,30498.98666666667,386,95110,43,53,Below Average,22.7,77.2,100.0
210,210,911300.0,255000,2797.0,Not specified,1.0,2.0,960.0,SINGLE_FAMILY,154 N 8th St,95112,SOLD,25030.37333333333,350,95112,43,54,Below Average,22.7,77.2,100.0
211,211,,1150000,3543.0,Not specified,2.0,3.0,1376.0,SINGLE_FAMILY,90 S 12th St,95112,SOLD,,401,95112,43,54,Below Average,22.7,77.2,100.0
212,212,827500.0,825000,3262.0,Not specified,1.0,3.0,1044.0,SINGLE_FAMILY,143 S 23rd St,95116,SOLD,22728.66666666667,506,95112,43,54,Below Average,24.4,84.7,100.0
213,213,1185300.0,1185000,3999.0,Not specified,3.0,4.0,1974.0,SINGLE_FAMILY,263 Washington St,95112,SOLD,32556.24,433,95113,24,39,Below Average,22.7,77.2,100.0
214,214,950500.0,950000,2949.0,Not specified,1.0,2.0,980.0,SINGLE_FAMILY,322 N 14th St,95112,SOLD,26107.066666666666,409,95112,43,54,Below Average,22.7,77.2,100.0
215,215,800600.0,800000,2934.0,Not specified,1.0,2.0,994.0,SINGLE_FAMILY,371 E Empire St,95112,SOLD,21989.81333333333,527,95112,43,54,Below Average,22.7,77.2,100.0
216,216,1201100.0,1200000,3714.0,Not specified,2.0,3.0,1534.0,SINGLE_FAMILY,436 N 6th St,95112,SOLD,32990.21333333333,527,95116,47,56,Below Average,22.7,77.2,100.0
217,217,964900.0,964000,3499.0,Not specified,2.0,3.0,1160.0,SINGLE_FAMILY,348 N 8th St,95112,SOLD,26502.586666666666,513,95110,43,53,Below Average,22.7,77.2,100.0
218,218,882800.0,882000,2797.0,Not specified,3.0,2.0,990.0,SINGLE_FAMILY,344 N 11th St,95112,SOLD,24247.57333333333,521,95112,43,54,Below Average,22.7,77.2,100.0
219,219,1526500.0,1525000,2838.0,Not specified,3.0,5.0,2160.0,MULTI_FAMILY,474 N 9th St,95112,SOLD,41927.86666666667,402,95110,43,53,Below Average,22.7,77.2,100.0
220,220,751000.0,750000,3170.0,Not specified,1.0,2.0,1175.0,SINGLE_FAMILY,749 E Julian St,95112,SOLD,20627.466666666667,531,95112,43,54,Below Average,22.7,77.2,100.0
221,221,1086500.0,1085000,3684.0,Not specified,2.0,3.0,1440.0,SINGLE_FAMILY,566 N 2nd St,95112,SOLD,29842.53333333333,352,95110,43,53,Below Average,22.7,77.2,100.0
222,222,1001400.0,1000000,1694.0,Not specified,,,1254.0,MULTI_FAMILY,583 N 2nd St,95112,SOLD,27505.12,485,95112,43,54,Below Average,22.7,77.2,100.0
223,223,,1000000,3166.0,Not specified,,,1254.0,MULTI_FAMILY,581 N 2nd St,95112,SOLD,,397,95112,43,54,Below Average,22.7,77.2,100.0
224,224,895700.0,382000,3047.0,Not specified,1.0,2.0,816.0,SINGLE_FAMILY,174 Acacia St,95110,SOLD,24601.89333333333,351,95112,43,54,Below Average,21.8,76.4,100.0
225,225,426000.0,425000,3769.0,Not specified,2.0,4.0,1313.0,SINGLE_FAMILY,1200 E San Fernando St,95116,SOLD,11700.8,457,95110,43,53,Below Average,24.4,84.7,100.0
226,226,915500.0,915000,2277.0,Not specified,2.0,2.0,1452.0,MULTI_FAMILY,958 E Julian St,95112,SOLD,25145.73333333333,400,95112,43,54,Below Average,22.7,77.2,100.0
227,227,960700.0,960000,3491.0,Not specified,2.0,3.0,1324.0,SINGLE_FAMILY,449 N 18th St,95112,SOLD,26387.22666666667,414,95112,43,54,Below Average,22.7,77.2,100.0
228,228,795600.0,1800,1680.0,0,1.0,0.0,450.0,APARTMENT,853 E San Antonio St #B,95116,FOR_RENT,21852.48,542,95112,43,54,Below Average,24.4,84.7,100.0
229,229,1106500.0,3850,3850.0,0,3.0,5.0,1637.0,SINGLE_FAMILY,198 S 22nd St,95116,FOR_RENT,30391.866666666665,483,95116,47,56,Below Average,24.4,84.7,100.0
230,230,636100.0,2495,2526.0,1,1.0,1.0,628.0,SINGLE_FAMILY,880 Brookwood Ave,95116,FOR_RENT,17471.54666666667,442,95112,43,54,Below Average,24.4,84.7,100.0
231,231,,2300,3099.0,3,1.0,2.0,1200.0,TOWNHOUSE,1046 E San Fernando St,95116,FOR_RENT,,459,95112,43,54,Below Average,24.4,84.7,100.0
232,232,,1990,1984.0,4,1.0,2.0,620.0,APARTMENT,67 S 9th St #2,95112,FOR_RENT,,532,95112,43,54,Below Average,22.7,77.2,100.0
233,233,,1895,1734.0,5,1.0,0.0,456.0,APARTMENT,629 N 1st St #B,95112,FOR_RENT,,384,95112,43,54,Below Average,22.7,77.2,100.0
234,234,808700.0,2095,2211.0,5,1.0,1.0,750.0,APARTMENT,266 N 5th St #B,95112,FOR_RENT,22212.29333333333,431,95112,43,54,Below Average,22.7,77.2,100.0
235,235,,1895,,5,1.0,1.0,530.0,APARTMENT,150B N 26th St #B,95116,FOR_RENT,,366,95112,43,54,Below Average,24.4,84.7,100.0
236,236,744000.0,3200,3099.0,6,2.0,2.0,1203.0,APARTMENT,20 S 2nd St UNIT 221,95113,FOR_RENT,20435.2,424,95116,47,56,Poor,21.2,70.38427835051591,91.18994845360824
237,237,,3150,,6,2.0,3.0,1300.0,APARTMENT,150 N 26th St #A,95116,FOR_RENT,,468,95112,43,54,Below Average,24.4,84.7,100.0
238,238,,2595,2570.0,8,1.5,1.0,930.0,APARTMENT,20 Ryland Park Dr APT 306,95110,FOR_RENT,,549,95112,43,54,Below Average,21.8,76.4,100.0
239,239,,2295,,8,1.0,2.0,709.0,CONDO,456 N 6th St #3,95112,FOR_RENT,,474,95112,43,54,Below Average,22.7,77.2,100.0
240,240,,2000,,9,1.0,1.0,600.0,TOWNHOUSE,344 N 10th St,95112,FOR_RENT,,442,95112,43,54,Below Average,22.7,77.2,100.0
241,241,507800.0,2350,2243.0,9,1.0,1.0,730.0,APARTMENT,427 N 2nd St UNIT 110,95112,FOR_RENT,13947.573333333336,470,95112,43,54,Below Average,22.7,77.2,100.0
242,242,,2495,1814.0,16,1.5,2.0,1024.0,APARTMENT,837 E San Antonio St,95116,FOR_RENT,,509,95112,43,54,Below Average,24.4,84.7,100.0
243,243,1083000.0,3295,2984.0,50,1.0,2.0,1100.0,SINGLE_FAMILY,360 N 18th St,95112,FOR_RENT,29746.4,479,95112,43,54,Below Average,22.7,77.2,100.0
244,244,,1350,1350.0,22,1.0,1.0,335.0,APARTMENT,281 S 19th St #A,95116,FOR_RENT,,428,95112,43,54,Below Average,24.4,84.7,100.0
245,245,1255900.0,4800,4295.0,15,3.5,4.0,2083.0,SINGLE_FAMILY,229 E Saint John St,95112,FOR_RENT,34495.386666666665,436,95112,43,54,Below Average,22.7,77.2,100.0
246,246,1061800.0,2495,3264.0,11,1.0,1.0,756.0,SINGLE_FAMILY,411 N 9th St,95112,FOR_RENT,29164.10666666667,474,95112,43,54,Below Average,22.7,77.2,100.0
247,247,,1595,1494.0,11,1.0,0.0,315.0,APARTMENT,589 N 3rd St APT 10,95112,FOR_RENT,,360,95112,43,54,Below Average,22.7,77.2,100.0
248,248,,1435,,20,1.0,1.0,,APARTMENT,311 N 2nd St #4,95112,FOR_RENT,,401,95110,43,53,Below Average,22.7,77.2,100.0
249,249,,1750,1731.0,13,1.0,1.0,540.0,APARTMENT,295 E Julian St APT 5,95112,FOR_RENT,,536,95116,47,56,Below Average,22.7,77.2,100.0
250,250,1263800.0,4200,3714.0,26,2.0,3.0,1728.0,SINGLE_FAMILY,625 S 15th St,95112,FOR_RENT,34712.37333333333,518,95112,43,54,Below Average,22.7,77.2,100.0
251,251,1171500.0,3799,3462.0,17,3.0,3.0,1337.0,TOWNHOUSE,256 Element Rd,95113,FOR_RENT,32177.2,442,95112,43,54,Poor,21.2,70.38427835051591,91.18994845360824
252,252,,2700,2849.0,66,2.0,2.0,1050.0,APARTMENT,415 N 2nd St UNIT 345,95112,FOR_RENT,,439,95116,47,56,Below Average,22.7,77.2,100.0
253,253,,2350,3084.0,20,1.0,3.0,2174.0,APARTMENT,37 S 8th St,95112,FOR_RENT,,359,95116,47,56,Below Average,22.7,77.2,100.0
254,254,,1700,1798.0,21,1.5,1.0,601.0,APARTMENT,44 N 12th St APT 3,95112,FOR_RENT,,370,95116,47,56,Below Average,22.7,77.2,100.0
255,255,,1400,1567.0,33,1.0,0.0,,APARTMENT,101 N 15th St UNIT B,95112,FOR_RENT,,505,95116,47,56,Below Average,22.7,77.2,100.0
256,256,725800.0,2095,1996.0,37,1.0,1.0,650.0,SINGLE_FAMILY,339 N 7th St,95112,FOR_RENT,19935.306666666664,438,95112,43,54,Below Average,22.7,77.2,100.0
257,257,,1995,2051.0,36,1.0,1.0,650.0,SINGLE_FAMILY,237 N 6th St,95112,FOR_RENT,,469,95112,43,54,Below Average,22.7,77.2,100.0
258,258,,1595,1649.0,29,1.0,0.0,550.0,APARTMENT,296 N 3rd St #B,95112,FOR_RENT,,484,95112,43,54,Below Average,22.7,77.2,100.0
259,259,,3800,3614.0,42,2.0,2.0,1596.0,APARTMENT,46 W Julian St UNIT 403,95110,FOR_RENT,,507,95116,47,56,Below Average,21.8,76.4,100.0
260,260,,1750,1749.0,43,1.0,1.0,600.0,APARTMENT,481 N 6th St APT 7,95112,FOR_RENT,,513,95113,24,39,Below Average,22.7,77.2,100.0
261,261,,1695,1694.0,45,1.0,1.0,,APARTMENT,95 N 8th St APT 2,95112,FOR_RENT,,356,95116,47,56,Below Average,22.7,77.2,100.0
262,262,,2800,2853.0,47,2.0,2.0,1071.0,APARTMENT,415 N 2nd St UNIT 340,95112,FOR_RENT,,476,95110,43,53,Below Average,22.7,77.2,100.0
263,263,,1695,1594.0,55,1.0,1.0,,APARTMENT,333 N 5th St APT 9,95112,FOR_RENT,,434,95112,43,54,Below Average,22.7,77.2,100.0
264,264,1141400.0,3500,3617.0,55,2.0,2.0,1800.0,SINGLE_FAMILY,(undisclosed Address),95112,FOR_RENT,31350.45333333333,436,95112,43,54,Below Average,22.7,77.2,100.0
265,265,,3900,3843.0,79,2.5,3.0,2008.0,APARTMENT,37 Bassett St,95110,FOR_RENT,,432,95112,43,54,Below Average,21.8,76.4,100.0
266,266,,2575,2094.0,58,1.0,2.0,,APARTMENT,96 S 10th St #14,95112,FOR_RENT,,394,95116,47,56,Below Average,22.7,77.2,100.0
267,267,,2100,1710.0,65,1.0,3.0,450.0,APARTMENT,37 S 8th St #2,95112,FOR_RENT,,380,95112,43,54,Below Average,22.7,77.2,100.0
268,268,832600.0,2500,1944.0,79,1.5,2.0,700.0,SINGLE_FAMILY,59 S 9th St,95112,FOR_RENT,22868.746666666666,473,95116,47,56,Below Average,22.7,77.2,100.0
269,269,,7000,4260.0,79,6.0,7.0,,APARTMENT,(undisclosed Address),95112,FOR_RENT,,360,95112,43,54,Below Average,22.7,77.2,100.0
270,270,934000.0,2895,3054.0,88,1.0,3.0,900.0,SINGLE_FAMILY,49 S 9th St,95112,FOR_RENT,25653.866666666665,504,95112,43,54,Below Average,22.7,77.2,100.0
271,271,698000.0,1499,1696.0,89,1.0,1.0,420.0,TOWNHOUSE,375 E Saint John St #B,95112,FOR_RENT,19171.733333333334,399,95112,43,54,Below Average,22.7,77.2,100.0
272,272,,1595,1664.0,128,1.0,1.0,,APARTMENT,345 N 6th St APT 10,95112,FOR_RENT,,483,95112,43,54,Below Average,22.7,77.2,100.0
273,273,,1850,1734.0,199,1.0,1.0,600.0,APARTMENT,230 N 13th St APT 3,95112,FOR_RENT,,491,95112,43,54,Below Average,22.7,77.2,100.0
274,274,1553800.0,1800,1658.0,291,1.0,1.0,500.0,CONDO,368 N 4th St,95112,FOR_RENT,42677.706666666665,423,95112,43,54,Below Average,22.7,77.2,100.0
275,275,,1895,1632.0,445,1.0,1.0,600.0,APARTMENT,336 N 5th St APT 5,95112,FOR_RENT,,431,95113,24,39,Below Average,22.7,77.2,100.0
276,276,,1895,1531.0,486,1.0,0.0,6936.0,APARTMENT,96 S 10th St,95112,FOR_RENT,,515,95112,43,54,Below Average,22.7,77.2,100.0
277,277,,1850,1660.0,26,1.0,1.0,5128.0,APARTMENT,20 Hensley St,95112,FOR_RENT,,495,95112,43,54,Below Average,22.7,77.2,100.0
278,278,1043800.0,3200,3405.0,62,2.5,2.0,1302.0,SINGLE_FAMILY,182 Nexus Loop,95110,FOR_RENT,28669.706666666665,457,95112,43,54,Below Average,21.8,76.4,100.0
279,279,,2250,2821.0,59,1.0,2.0,1150.0,APARTMENT,65 Fox Ave,95110,FOR_RENT,,481,95112,43,54,Below Average,21.8,76.4,100.0
280,280,,1595,2475.0,221,1.0,1.0,1000.0,APARTMENT,33 E Empire St #203,95112,FOR_RENT,,499,95112,43,54,Below Average,22.7,77.2,100.0
281,281,,1500,1809.0,338,1.0,1.0,525.0,APARTMENT,460 N 1st St #22 & 15,95112,FOR_RENT,,421,95112,43,54,Below Average,22.7,77.2,100.0
282,282,1289100.0,4000,3764.0,0,3.0,3.0,1584.0,TOWNHOUSE,843 Georgetown Pl,95126,FOR_RENT,35407.28,438,95112,43,54,Average,22.4,61.2,100.0
283,283,,1450,,0,1.0,0.0,453.0,APARTMENT,710 S 3rd St APT 6,95112,FOR_RENT,,383,95110,43,53,Below Average,22.7,77.2,100.0
284,284,,1395,1546.0,0,1.0,0.0,450.0,APARTMENT,57 Sutter St #B,95110,FOR_RENT,,399,95112,43,54,Below Average,21.8,76.4,100.0
285,285,,2400,,2,1.0,2.0,,APARTMENT,544 & 550 S 6th St #4,95112,FOR_RENT,,459,95112,43,54,Below Average,22.7,77.2,100.0
286,286,1090200.0,3650,3298.0,2,2.0,3.0,1000.0,SINGLE_FAMILY,928 N 7th St,95112,FOR_RENT,29944.16,477,95112,43,54,Below Average,22.7,77.2,100.0
287,287,1256500.0,4800,4300.0,2,2.5,4.0,2199.0,SINGLE_FAMILY,429 S 22nd St,95116,FOR_RENT,34511.86666666667,482,95112,43,54,Below Average,24.4,84.7,100.0
288,288,1075700.0,3850,3864.0,2,2.5,4.0,1650.0,TOWNHOUSE,217 Laurel Grove Ln,95126,FOR_RENT,29545.89333333333,403,95112,43,54,Average,22.4,61.2,100.0
289,289,,3720,,2,2.5,2.0,1582.0,SINGLE_FAMILY,925 Font Ter,95126,FOR_RENT,,409,95110,43,53,Average,22.4,61.2,100.0
290,290,1525200.0,3650,3465.0,2,1.0,2.0,1688.0,SINGLE_FAMILY,1367 Sierra Ave,95126,FOR_RENT,41892.16,537,95112,43,54,Average,22.4,61.2,100.0
291,291,,2650,2650.0,2,2.5,2.0,987.0,APARTMENT,516 Martha St UNIT 114,95112,FOR_RENT,,483,95112,43,54,Below Average,22.7,77.2,100.0
292,292,939300.0,3000,3149.0,2,1.0,2.0,900.0,SINGLE_FAMILY,538 Rutland Ave,95128,FOR_RENT,25799.44,354,95112,43,54,Average,22.2,61.4,60.0
293,293,,2650,2414.0,0,2.0,2.0,900.0,APARTMENT,239 Shadow Dance Dr,95110,FOR_RENT,,536,95112,43,54,Below Average,21.8,76.4,100.0
294,294,,1950,1999.0,0,1.0,1.0,560.0,APARTMENT,281 Stonegate Cir,95110,FOR_RENT,,537,95112,43,54,Below Average,21.8,76.4,100.0
295,295,838400.0,2499,3266.0,0,1.0,2.0,900.0,SINGLE_FAMILY,1299 Locust St,95110,FOR_RENT,23028.05333333333,522,95112,43,54,Below Average,21.8,76.4,100.0
296,296,,2495,2422.0,3,1.0,2.0,766.0,APARTMENT,738 S 10th St APT 2,95112,FOR_RENT,,481,95112,43,54,Below Average,22.7,77.2,100.0
297,297,,2100,,4,1.0,2.0,600.0,APARTMENT,455 S 8th St #1A,95112,FOR_RENT,,380,95112,43,54,Below Average,22.7,77.2,100.0
298,298,,1995,,5,1.0,0.0,600.0,APARTMENT,210 S 1st St #503,95113,FOR_RENT,,383,95112,43,54,Poor,21.2,70.38427835051591,91.18994845360824
299,299,,1700,2218.0,5,1.0,0.0,524.0,APARTMENT,210 S 1st St UNIT 208,95113,FOR_RENT,,386,95112,43,54,Poor,21.2,70.38427835051591,91.18994845360824
300,300,,1695,1794.0,5,1.0,1.0,676.0,APARTMENT,542 S 4th St APT 6,95112,FOR_RENT,,394,95112,43,54,Below Average,22.7,77.2,100.0
301,301,769600.0,850,1846.0,7,1.0,1.0,2700.0,CONDO,699 S 9th St,95112,FOR_RENT,21138.346666666668,482,95112,43,54,Below Average,22.7,77.2,100.0
302,302,745100.0,1595,1664.0,11,1.0,1.0,,APARTMENT,121 Graham Ave APT 3,95110,FOR_RENT,20465.413333333334,391,95110,43,53,Below Average,21.8,76.4,100.0
303,303,,1895,2121.0,21,1.0,2.0,750.0,APARTMENT,576 S 5th St #26,95112,FOR_RENT,,387,95110,43,53,Below Average,22.7,77.2,100.0
304,304,,2095,1865.0,17,1.0,2.0,725.0,APARTMENT,195 E Reed St APT 1,95112,FOR_RENT,,364,95112,43,54,Below Average,22.7,77.2,100.0
305,305,,1700,1813.0,36,1.0,1.0,600.0,APARTMENT,91 E Virginia St,95112,FOR_RENT,,504,95112,43,54,Below Average,22.7,77.2,100.0
306,306,,1995,2366.0,642,2.0,2.0,800.0,APARTMENT,780 S 11th St,95112,FOR_RENT,,448,95126,32,45,Below Average,22.7,77.2,100.0
307,307,,1840,1845.0,11,1.0,1.0,680.0,APARTMENT,634 S 11th St #X6DJUH3BA,95112,FOR_RENT,,513,95112,43,54,Below Average,22.7,77.2,100.0
308,308,1060600.0,2680,1924.0,11,2.0,2.0,1772.0,APARTMENT,651 S 12th St,95112,FOR_RENT,29131.14666666667,512,95110,43,53,Below Average,22.7,77.2,100.0
309,309,,1495,,13,1.0,0.0,400.0,APARTMENT,603 S 1st St APT 7,95110,FOR_RENT,,536,95112,43,54,Below Average,21.8,76.4,100.0
310,310,,1850,,14,1.0,1.0,650.0,APARTMENT,469 S 7th St APT 1,95112,FOR_RENT,,358,95112,43,54,Below Average,22.7,77.2,100.0
311,311,,2275,,19,2.0,2.0,900.0,APARTMENT,555 S 10th St APT 26,95112,FOR_RENT,,430,95116,47,56,Below Average,22.7,77.2,100.0
312,312,,1300,1579.0,20,1.0,0.0,300.0,APARTMENT,606 S 12th St #2,95112,FOR_RENT,,443,95126,32,45,Below Average,22.7,77.2,100.0
313,313,,2700,2653.0,18,1.5,3.0,,APARTMENT,409 S 5th St #1,95112,FOR_RENT,,547,95126,32,45,Below Average,22.7,77.2,100.0
314,314,1069100.0,3934,3805.0,24,2.0,5.0,1281.0,SINGLE_FAMILY,730 S 11th St,95112,FOR_RENT,29364.61333333333,476,95126,32,45,Below Average,22.7,77.2,100.0
315,315,,1750,1789.0,30,1.0,1.0,,APARTMENT,460 S 4th St APT 1,95112,FOR_RENT,,469,95112,43,54,Below Average,22.7,77.2,100.0
316,316,,1595,1662.0,37,1.0,1.0,,APARTMENT,81 E William St APT 7,95112,FOR_RENT,,504,95128,33,45,Below Average,22.7,77.2,100.0
317,317,1479500.0,1800,1575.0,38,1.0,1.0,450.0,TOWNHOUSE,248 E San Salvador St,95112,FOR_RENT,40636.93333333333,546,95110,43,53,Below Average,22.7,77.2,100.0
318,318,,1895,2314.0,39,1.0,2.0,737.0,APARTMENT,125 Duane St APT 1,95110,FOR_RENT,,436,95110,43,53,Below Average,21.8,76.4,100.0
319,319,1000700.0,3750,3499.0,77,2.5,3.0,1675.0,TOWNHOUSE,108 Balbach St APT 4,95110,FOR_RENT,27485.89333333333,361,95110,43,53,Below Average,21.8,76.4,100.0
320,320,,2300,2322.0,64,1.0,1.0,760.0,APARTMENT,111 W Reed St UNIT 4,95110,FOR_RENT,,378,95112,43,54,Below Average,21.8,76.4,100.0
321,321,,2295,2394.0,76,2.0,2.0,852.0,APARTMENT,529 S 10th St APT 3,95112,FOR_RENT,,436,95112,43,54,Below Average,22.7,77.2,100.0
322,322,,3575,3736.0,85,2.0,3.0,1500.0,SINGLE_FAMILY,969 S 7th St,95112,FOR_RENT,,518,95113,24,39,Below Average,22.7,77.2,100.0
323,323,,1900,1780.0,87,1.0,1.0,550.0,APARTMENT,433 S 7th St #3,95112,FOR_RENT,,385,95113,24,39,Below Average,22.7,77.2,100.0
324,324,,1595,1666.0,90,1.0,0.0,500.0,APARTMENT,560 S 7th St APT I,95112,FOR_RENT,,451,95112,43,54,Below Average,22.7,77.2,100.0
325,325,,1985,2404.0,143,1.0,2.0,800.0,APARTMENT,93 W Reed St APT 1,95110,FOR_RENT,,546,95112,43,54,Below Average,21.8,76.4,100.0
326,326,,1500,1560.0,400,1.0,1.0,6196.0,APARTMENT,627 S 9th St,95112,FOR_RENT,,541,95110,43,53,Below Average,22.7,77.2,100.0
327,327,,1400,1560.0,400,1.0,1.0,6716.0,APARTMENT,470 S 4th St,95112,FOR_RENT,,389,95112,43,54,Below Average,22.7,77.2,100.0
328,328,,1795,1702.0,36,1.0,0.0,500.0,APARTMENT,411 S 11th St #5,95112,FOR_RENT,,484,95112,43,54,Below Average,22.7,77.2,100.0
329,329,758600.0,2400,2227.0,26,2.0,2.0,800.0,TOWNHOUSE,344 E San Salvador St #1,95112,FOR_RENT,20836.213333333333,450,95112,43,54,Below Average,22.7,77.2,100.0
330,330,,2000,2769.0,30,1.0,2.0,800.0,APARTMENT,443 S 8th St,95112,FOR_RENT,,479,95112,43,54,Below Average,22.7,77.2,100.0
331,331,,1900,2444.0,55,1.0,2.0,4122.0,APARTMENT,420 S 7th St,95112,FOR_RENT,,372,95112,43,54,Below Average,22.7,77.2,100.0
332,332,,2395,1794.0,275,1.0,2.0,650.0,APARTMENT,417 S 8th St #6,95112,FOR_RENT,,358,95112,43,54,Below Average,22.7,77.2,100.0
333,333,1121823.0,1088000,3300.0,0,3.0,4.0,1084.0,SINGLE_FAMILY,488 N 17th St,95112,FOR_SALE,30812.7384,407,95110,43,53,Below Average,22.7,77.2,100.0
334,334,999761.0,988000,3369.0,2,2.0,3.0,1080.0,SINGLE_FAMILY,185 N 12th St,95112,FOR_SALE,27460.10213333333,517,95112,43,54,Below Average,22.7,77.2,100.0
335,335,646079.0,623800,2495.0,2,1.0,1.0,998.0,CONDO,144 S 3rd St UNIT 608,95112,FOR_SALE,17745.636533333334,357,95112,43,54,Below Average,22.7,77.2,100.0
336,336,619701.0,598000,2796.0,2,2.0,2.0,1011.0,CONDO,516 Martha St UNIT 211,95112,FOR_SALE,17021.1208,380,95112,43,54,Below Average,22.7,77.2,100.0
337,337,1108187.0,1049990,3184.0,2,3.0,3.0,1673.0,SINGLE_FAMILY,345 Irving Ave,95128,FOR_SALE,30438.20293333333,422,95112,43,54,Average,22.2,61.4,60.0
338,338,1287182.0,1249950,4136.0,2,3.0,3.0,1740.0,SINGLE_FAMILY,121 Rainier St,95126,FOR_SALE,35354.59893333333,489,95112,43,54,Average,22.4,61.2,100.0
339,339,1026065.0,999888,3099.0,2,2.0,2.0,1376.0,SINGLE_FAMILY,1069 S 7th St,95112,FOR_SALE,28182.585333333336,493,95112,43,54,Below Average,22.7,77.2,100.0
340,340,1323443.0,1249000,1952.0,3,2.0,4.0,2051.0,SINGLE_FAMILY,336 Mayellen Ave,95126,FOR_SALE,36350.56773333333,435,95112,43,54,Average,22.4,61.2,100.0
341,341,997559.0,950000,3800.0,3,3.0,3.0,1696.0,TOWNHOUSE,378 Meridian Ave,95126,FOR_SALE,27399.62053333333,432,95112,43,54,Average,22.4,61.2,100.0
342,342,701131.0,678000,2792.0,3,2.0,2.0,1061.0,CONDO,125 Patterson St UNIT 139,95112,FOR_SALE,19257.731466666668,511,95110,43,53,Below Average,22.7,77.2,100.0
343,343,,1648000,,3,,,2525.0,MULTI_FAMILY,144-148 S 33rd St,95116,FOR_SALE,,515,95110,43,53,Below Average,24.4,84.7,100.0
344,344,1649099.0,1599000,4426.0,3,2.0,4.0,1880.0,SINGLE_FAMILY,1630 Hanchett Ave,95128,FOR_SALE,45295.25253333333,464,95110,43,53,Average,22.2,61.4,60.0
345,345,1183482.0,1150000,3977.0,4,2.0,3.0,2073.0,CONDO,25 S 3rd St UNIT 201,95113,FOR_SALE,32506.3056,426,95112,43,54,Poor,21.2,70.38427835051591,91.18994845360824
346,346,1550029.0,1499000,3772.0,4,2.0,3.0,1808.0,SINGLE_FAMILY,440 S 12th St,95112,FOR_SALE,42574.12986666666,433,95112,43,54,Below Average,22.7,77.2,100.0
347,347,955805.0,928000,2966.0,4,1.0,2.0,845.0,SINGLE_FAMILY,315 N 20th St,95112,FOR_SALE,26252.77733333333,401,95112,43,54,Below Average,22.7,77.2,100.0
348,348,1156020.0,1075000,3200.0,4,1.0,2.0,1070.0,SINGLE_FAMILY,1357 Sierra Ave,95126,FOR_SALE,31752.016,468,95112,43,54,Average,22.4,61.2,100.0
349,349,669632.0,649999,2499.0,4,1.0,2.0,907.0,CONDO,95 Hobson St APT 5B,95110,FOR_SALE,18392.55893333333,436,95110,43,53,Below Average,21.8,76.4,100.0
350,350,867889.0,828000,3449.0,4,2.0,3.0,1370.0,CONDO,800 N 8th St UNIT 218,95112,FOR_SALE,23838.017866666665,537,95112,43,54,Below Average,22.7,77.2,100.0
351,351,787921.0,765000,2999.0,4,1.0,2.0,1174.0,SINGLE_FAMILY,123 N 25th St,95116,FOR_SALE,21641.56346666667,505,95112,43,54,Below Average,24.4,84.7,100.0
352,352,6244604.0,6200000,10790.0,4,7.0,6.0,7088.0,SINGLE_FAMILY,1501 University Ave,95126,FOR_SALE,171518.45653333334,408,95112,43,54,Average,22.4,61.2,100.0
353,353,764570.0,729999,3249.0,4,3.0,3.0,1314.0,TOWNHOUSE,908 Delta Ct,95122,FOR_SALE,21000.189333333336,403,95112,43,54,Average,25.2,83.5,100.0
354,354,592029.0,575000,2662.0,4,2.0,2.0,955.0,CONDO,1705 Bevin Brook Dr,95112,FOR_SALE,16261.0632,425,95112,43,54,Below Average,22.7,77.2,100.0
355,355,,563000,3210.0,4,1.0,,516.0,CONDO,"Plan A1 Plan, 188 West St James",95110,FOR_SALE,,535,95112,43,54,Below Average,21.8,76.4,100.0
356,356,1307007.0,1250000,4087.0,5,,,1780.0,MULTI_FAMILY,642 N 2nd St,95112,FOR_SALE,35899.1256,391,95112,43,54,Below Average,22.7,77.2,100.0
357,357,1733700.0,1650000,2199.0,5,4.0,4.0,1740.0,SINGLE_FAMILY,70 Hawthorne Way,95110,FOR_SALE,47618.96,471,95112,43,54,Below Average,21.8,76.4,100.0
358,358,922100.0,895000,2900.0,5,,2.0,996.0,LOT,914 Harliss Ave,95110,FOR_SALE,25327.01333333333,478,95112,43,54,Below Average,21.8,76.4,100.0
359,359,834016.0,799800,3149.0,6,2.0,2.0,1421.0,CONDO,144 S 3rd St UNIT 426,95112,FOR_SALE,22907.63946666667,545,95112,43,54,Below Average,22.7,77.2,100.0
360,360,1314312.0,1249000,3995.0,6,2.0,4.0,2016.0,SINGLE_FAMILY,64 S 19th St,95116,FOR_SALE,36099.7696,475,95112,43,54,Below Average,24.4,84.7,100.0
361,361,423600.0,419999,2031.0,6,1.0,1.0,633.0,CONDO,364 Coyote Creek Cir,95116,FOR_SALE,11634.88,537,95128,33,45,Below Average,24.4,84.7,100.0
362,362,1213259.0,1149000,3270.0,6,2.0,4.0,1186.0,SINGLE_FAMILY,1325 Fremont St,95126,FOR_SALE,33324.18053333333,448,95126,32,45,Average,22.4,61.2,100.0
363,363,,924000,3210.0,6,2.0,2.0,1135.0,CONDO,"Plan C1 Plan, 188 West St James",95110,FOR_SALE,,453,95112,43,54,Below Average,21.8,76.4,100.0
364,364,712241.0,675000,2859.0,6,1.0,2.0,816.0,SINGLE_FAMILY,396 N 21st St,95112,FOR_SALE,19562.886133333333,547,95126,32,45,Below Average,22.7,77.2,100.0
365,365,1533100.0,1450000,4198.0,7,3.0,4.0,1600.0,MULTI_FAMILY,638 N San Pedro St,95110,FOR_SALE,42109.14666666666,439,95126,32,45,Below Average,21.8,76.4,100.0
366,366,,650000,3210.0,7,1.0,1.0,742.0,CONDO,"Plan B1 Plan, 188 West St James",95110,FOR_SALE,,363,95112,43,54,Below Average,21.8,76.4,100.0
367,367,,559000,3210.0,8,1.0,,619.0,CONDO,"Plan A3 Plan, 188 West St James",95110,FOR_SALE,,546,95116,47,56,Below Average,21.8,76.4,100.0
368,368,1367327.0,1275000,3298.0,9,1.0,3.0,1184.0,SINGLE_FAMILY,579 W Virginia St,95125,FOR_SALE,37555.91493333333,386,95128,33,45,Average,24.3,40.4,50.0
369,369,,1048000,3210.0,9,2.0,2.0,1182.0,CONDO,"Plan C2 Plan, 188 West St James",95110,FOR_SALE,,491,95113,24,39,Below Average,21.8,76.4,100.0
370,370,883109.0,848888,3095.0,10,2.0,2.0,1622.0,CONDO,130 E San Fernando St APT 314,95112,FOR_SALE,24256.06053333333,504,95112,43,54,Below Average,22.7,77.2,100.0
371,371,1366926.0,1299000,3504.0,10,2.0,3.0,1761.0,SINGLE_FAMILY,506 S 15th St,95112,FOR_SALE,37544.9008,465,95112,43,54,Below Average,22.7,77.2,100.0
372,372,946200.0,918888,3063.0,11,1.0,2.0,1036.0,SINGLE_FAMILY,345 N 18th St,95112,FOR_SALE,25988.960000000006,426,95126,32,45,Below Average,22.7,77.2,100.0
373,373,988200.0,875000,3329.0,0,1.0,3.0,1210.0,SINGLE_FAMILY,1323 Forrestal Ave,95110,FOR_SALE,27142.56,352,95110,43,53,Below Average,21.8,76.4,100.0
374,374,990582.0,935000,3329.0,4,1.0,3.0,1202.0,SINGLE_FAMILY,1394 Forrestal Ave,95110,FOR_SALE,27207.9856,548,95112,43,54,Below Average,21.8,76.4,100.0
375,375,1237494.0,1199900,3617.0,9,3.0,3.0,1992.0,SINGLE_FAMILY,645 N 19th St,95112,FOR_SALE,33989.8352,494,95116,47,56,Below Average,22.7,77.2,100.0
376,376,1244542.0,1195000,3668.0,12,2.0,3.0,1964.0,SINGLE_FAMILY,412 N 2nd St,95112,FOR_SALE,34183.42026666667,509,95126,32,45,Below Average,22.7,77.2,100.0
377,377,918977.0,899000,3266.0,12,2.0,2.0,1450.0,TOWNHOUSE,285 E Saint James St APT 1,95112,FOR_SALE,25241.23493333333,481,95122,39,49,Below Average,22.7,77.2,100.0
378,378,1142413.0,1100000,3164.0,16,3.0,3.0,2236.0,SINGLE_FAMILY,132 N 16th St,95112,FOR_SALE,31378.27706666667,503,95112,43,54,Below Average,22.7,77.2,100.0
379,379,,10050000,1775.0,17,,,29776.0,MULTI_FAMILY,51 S 19th St,95116,FOR_SALE,,449,95110,43,53,Below Average,24.4,84.7,100.0
380,380,1001978.0,949000,3364.0,18,1.0,2.0,1198.0,SINGLE_FAMILY,715 N 5th St,95112,FOR_SALE,27520.99573333333,400,95112,43,54,Below Average,22.7,77.2,100.0
381,381,,1850000,1726.0,19,,,3096.0,MULTI_FAMILY,139 N 6th St APT 6,95112,FOR_SALE,,514,95110,43,53,Below Average,22.7,77.2,100.0
382,382,1017700.0,957000,,22,2.0,2.0,1135.0,CONDO,188 W Saint James St #10504,95110,FOR_SALE,27952.82666666667,364,95110,43,53,Below Average,21.8,76.4,100.0
383,383,1194385.0,1150000,3669.0,23,3.0,3.0,1512.0,TOWNHOUSE,58 Ryland Park Way,95110,FOR_SALE,32805.774666666664,502,95112,43,54,Below Average,21.8,76.4,100.0
384,384,1992646.0,1888000,4925.0,25,3.0,4.0,2613.0,SINGLE_FAMILY,33 Ayer Ave,95110,FOR_SALE,54731.34346666666,358,95116,47,56,Below Average,21.8,76.4,100.0
385,385,941306.0,899000,3234.0,26,1.0,2.0,1156.0,SINGLE_FAMILY,383 N 17th St,95112,FOR_SALE,25854.53813333333,527,95116,47,56,Below Average,22.7,77.2,100.0
386,386,717908.0,679950,2635.0,28,1.0,2.0,800.0,SINGLE_FAMILY,476 E Saint John St,95112,FOR_SALE,19718.53973333333,445,95126,32,45,Below Average,22.7,77.2,100.0
387,387,696300.0,678000,2499.0,29,1.0,2.0,907.0,CONDO,75 Hobson St APT 4A,95110,FOR_SALE,19125.04,445,95110,43,53,Below Average,21.8,76.4,100.0
388,388,612711.0,599000,2028.0,30,1.0,1.0,663.0,CONDO,175 W Saint James St UNIT 807,95110,FOR_SALE,16829.1288,489,95112,43,54,Below Average,21.8,76.4,100.0
389,389,581845.0,575000,2499.0,31,1.0,0.0,750.0,CONDO,88 E San Fernando St UNIT 504,95113,FOR_SALE,15981.342666666667,388,95110,43,53,Poor,21.2,70.38427835051591,91.18994845360824
390,390,1953025.0,1860000,5340.0,33,4.0,5.0,2842.0,SINGLE_FAMILY,539 N 8th St,95112,FOR_SALE,53643.08666666667,436,95110,43,53,Below Average,22.7,77.2,100.0
391,391,2331949.0,2288888,3750.0,37,2.0,3.0,1836.0,CONDO,38 N Almaden Blvd UNIT 2108,95110,FOR_SALE,64050.86586666668,538,95110,43,53,Below Average,21.8,76.4,100.0
392,392,604598.0,588888,2600.0,38,2.0,1.0,810.0,CONDO,20 S 2nd St UNIT 233,95113,FOR_SALE,16606.291733333335,351,95125,21,31,Poor,21.2,70.38427835051591,91.18994845360824
393,393,779826.0,749000,3266.0,45,2.0,3.0,940.0,SINGLE_FAMILY,342 N 6th St,95112,FOR_SALE,21419.220800000006,428,95110,43,53,Below Average,22.7,77.2,100.0
394,394,713300.0,699000,2749.0,46,1.0,1.0,953.0,CONDO,38 N Almaden Blvd UNIT 516,95110,FOR_SALE,19591.97333333333,501,95112,43,54,Below Average,21.8,76.4,100.0
395,395,,2250000,2100.0,46,,,3825.0,MULTI_FAMILY,466 N 13th St,95112,FOR_SALE,,358,95112,43,54,Below Average,22.7,77.2,100.0
396,396,2414030.0,2395000,1694.0,46,,,4088.0,MULTI_FAMILY,530 N 2nd St,95112,FOR_SALE,66305.35733333332,411,95112,43,54,Below Average,22.7,77.2,100.0
397,397,512800.0,509000,2777.0,48,1.0,0.0,519.0,CONDO,188 W Saint James St #10317,95110,FOR_SALE,14084.906666666668,460,95110,43,53,Below Average,21.8,76.4,100.0
398,398,796800.0,779000,2746.0,50,1.0,1.0,819.0,CONDO,188 W Saint James St #10605,95110,FOR_SALE,21885.44,502,95110,43,53,Below Average,21.8,76.4,100.0
